frames,method,mean,std,completed_seeds,expected_seeds
6000,identity,0.6999999940395355,0.5577733462733054,5,5
12000,identity,1.100000011920929,0.4801620100410827,5,5
18000,identity,1.0333333432674408,0.9006170884929916,5,5
24000,identity,1.2333333373069764,0.4944132301288942,5,5
30000,identity,0.9000000089406968,0.5962847830321082,5,5
36000,identity,0.8666666626930237,0.38005847329048864,5,5
42000,identity,0.7666666626930236,0.5477225357406272,5,5
48000,identity,1.4333333253860474,0.2527625056312197,5,5
54000,identity,1.4333333432674409,1.0839741705795056,5,5
60000,identity,1.2333333492279053,0.5217491969712855,5,5
66000,identity,1.3666666746139526,0.3800584785181629,5,5
72000,identity,1.3000000238418579,0.570087731717704,5,5
78000,identity,2.199999988079071,0.9888264411697032,5,5
84000,identity,1.3333333492279054,0.5892556580132648,5,5
90000,identity,1.7333333253860475,1.004158018630266,5,5
96000,identity,1.7333333492279053,0.5725188191738928,5,5
102000,identity,1.6,0.8787617456770522,5,5
108000,identity,1.6333333015441895,0.7673909216528115,5,5
114000,identity,2.333333373069763,1.1606990245251316,5,5
120000,identity,2.2666666507720947,1.0381607719299375,5,5
126000,identity,2.9000000238418577,0.8383184005438791,5,5
132000,identity,3.7666666984558104,1.4414498937949434,5,5
138000,identity,3.7999999046325685,2.596471845178517,5,5
144000,identity,2.800000023841858,0.9309493906730755,5,5
150000,identity,3.3,0.9082950187325096,5,5
156000,identity,4.133333313465118,2.7623460487378098,5,5
162000,identity,3.799999988079071,3.843103493919327,5,5
168000,identity,3.6000000476837157,1.272573997150565,5,5
174000,identity,4.933333253860473,1.4700717867264887,5,5
180000,identity,3.0999999761581423,1.346806948959415,5,5
186000,identity,3.1,1.103026212568131,5,5
192000,identity,3.8,2.3845567885872283,5,5
198000,identity,4.633333301544189,1.2438737882208055,5,5
204000,identity,5.933333253860473,3.597066583768603,5,5
210000,identity,4.000000023841858,3.2553376505278773,5,5
216000,identity,5.499999904632569,2.1698694185588474,5,5
222000,identity,4.866666698455811,1.330204711407283,5,5
228000,identity,4.099999952316284,1.387443653887123,5,5
234000,identity,6.533333492279053,2.9519297854868416,5,5
240000,identity,3.7666666507720947,1.8469193544492628,5,5
246000,identity,5.4,1.0514540449004295,5,5
252000,identity,5.6999999523162845,3.506739395282458,5,5
258000,identity,5.3,1.8272626040006865,5,5
264000,identity,7.833333349227905,5.161287556404318,5,5
270000,identity,5.133333349227906,1.4879143152153442,5,5
276000,identity,7.466666507720947,7.522558392564709,5,5
282000,identity,5.3333333969116214,2.677063111898052,5,5
288000,identity,6.700000047683716,4.555826516334435,5,5
294000,identity,4.866666650772094,1.3914421742793692,5,5
300000,identity,5.6666666030883786,2.5576682321747604,5,5
306000,identity,7.866666793823242,7.090095089700856,5,5
312000,identity,6.666666841506958,3.1622777418458345,5,5
318000,identity,5.5666666507720945,2.9851483042730904,5,5
324000,identity,4.7,1.5916449076811314,5,5
330000,identity,5.933333444595337,2.3081980231801817,5,5
336000,identity,7.5333333015441895,8.23559350463113,5,5
342000,identity,9.633333444595337,9.58108663767375,5,5
348000,identity,9.800000143051147,9.83290989942038,5,5
354000,identity,8.366666555404663,7.7910201966425445,5,5
360000,identity,10.066666650772095,11.406990999048126,5,5
366000,identity,14.366666841506959,12.25617769760255,5,5
372000,identity,16.466666984558106,13.957973212915396,5,5
378000,identity,17.60000009536743,25.007387760009667,5,5
384000,identity,18.73333330154419,27.904250986215736,5,5
390000,identity,28.833333730697632,48.42190276934962,5,5
396000,identity,28.533333778381348,49.269300831167634,5,5
402000,identity,34.666667747497556,61.334241364826234,5,5
408000,identity,35.89999885559082,60.22510789918122,5,5
414000,identity,37.599999856948855,59.9415919813213,5,5
420000,identity,45.5999997138977,75.1120090091976,5,5
426000,identity,43.666666412353514,65.64445477360483,5,5
432000,identity,48.86666746139527,71.14845794003149,5,5
438000,identity,56.833331775665286,71.30850201145797,5,5
444000,identity,62.76666812896728,79.20311673745613,5,5
450000,identity,68.16666679382324,83.99032598209189,5,5
456000,identity,76.30000114440918,94.9370716140276,5,5
462000,identity,83.36666660308838,119.4087518244396,5,5
468000,identity,89.83333311080932,110.89353136024842,5,5
474000,identity,85.70000207424164,112.18186154316071,5,5
480000,identity,82.26666669845581,110.29566323188905,5,5
486000,identity,81.5666666984558,108.93592548723184,5,5
492000,identity,101.59999899864196,139.7902986149,5,5
498000,identity,98.10000205039978,132.15508941660363,5,5
504000,identity,122.49999890327453,164.49868873864608,5,5
510000,identity,110.36666665077209,145.58170674062592,5,5
516000,identity,107.03333654403687,132.69171032071657,5,5
522000,identity,122.36666860580445,158.85311404688056,5,5
528000,identity,132.7666646003723,172.0299374227086,5,5
534000,identity,141.46666259765624,180.10576589071079,5,5
540000,identity,159.83333320617675,209.88359880336188,5,5
546000,identity,124.06666460037232,160.8706149170609,5,5
552000,identity,153.89999985694885,197.627054308722,5,5
558000,identity,142.36666669845582,182.97637278981958,5,5
564000,identity,157.46666870117187,209.11325568402643,5,5
570000,identity,157.70000004768372,212.32042735387478,5,5
576000,identity,167.76666870117188,210.35956900110705,5,5
582000,identity,154.53333740234376,200.43673010037483,5,5
588000,identity,173.00000004768373,223.90201335818514,5,5
594000,identity,187.2666687965393,245.11371173139796,5,5
600000,identity,181.6333312034607,222.61882907604084,5,5
6000,broadcast,0.8666666686534882,0.5939509815682982,5,5
12000,broadcast,0.9666666626930237,0.2173067727450712,5,5
18000,broadcast,1.3999999821186067,1.1702326092163882,5,5
24000,broadcast,0.9333333373069763,0.3456073496609481,5,5
30000,broadcast,0.6333333492279053,0.4772607173734314,5,5
36000,broadcast,1.3333333373069762,0.697216686403691,5,5
42000,broadcast,0.8666666626930237,0.3800584732904887,5,5
48000,broadcast,0.9666666507720947,0.545180903541482,5,5
54000,broadcast,1.0333333134651184,0.39791119415288223,5,5
60000,broadcast,1.3333333492279054,0.7905694495979422,5,5
66000,broadcast,1.4666666388511658,0.8449194213781405,5,5
72000,broadcast,0.7333333432674408,0.45030853252676517,5,5
78000,broadcast,1.5000000238418578,0.7359801059384736,5,5
84000,broadcast,1.366666668653488,1.1143010085679441,5,5
90000,broadcast,1.8333333373069762,1.2416386721429327,5,5
96000,broadcast,2.066666674613953,0.3027650550965179,5,5
102000,broadcast,1.2666666746139525,0.5962847784506068,5,5
108000,broadcast,1.4666666746139527,0.9817784100821157,5,5
114000,broadcast,1.600000011920929,0.6728876255252572,5,5
120000,broadcast,1.999999988079071,0.7546154490218544,5,5
126000,broadcast,2.3,0.8692269721221296,5,5
132000,broadcast,2.866666650772095,0.8027729686195583,5,5
138000,broadcast,1.9333333253860474,0.5348935499579001,5,5
144000,broadcast,2.2,0.7763876316623015,5,5
150000,broadcast,2.6333333253860474,1.506467552531412,5,5
156000,broadcast,2.466666650772095,0.6280480900245389,5,5
162000,broadcast,2.3333333492279054,1.0206207115595611,5,5
168000,broadcast,3.4333332777023315,1.789630604054143,5,5
174000,broadcast,3.0000000476837156,0.47140449269313717,5,5
180000,broadcast,3.3,1.5828946865376896,5,5
186000,broadcast,2.9666666269302366,1.5473992635611233,5,5
192000,broadcast,3.3666666984558105,0.7397446989151947,5,5
198000,broadcast,3.6333333015441895,1.6473884567077917,5,5
204000,broadcast,4.366666603088379,2.331546798587519,5,5
210000,broadcast,3.3666666746139526,0.988826436146522,5,5
216000,broadcast,3.8,0.44721368435331804,5,5
222000,broadcast,3.7333333015441896,1.7304462558651614,5,5
228000,broadcast,5.999999833106995,3.2553373484158423,5,5
234000,broadcast,6.1,1.3974182354599127,5,5
240000,broadcast,6.5333333015441895,3.3528594192415784,5,5
246000,broadcast,8.733333301544189,2.660409380993179,5,5
252000,broadcast,7.3000000476837155,3.6975967764955073,5,5
258000,broadcast,9.999999809265137,5.711829683303767,5,5
264000,broadcast,10.266666841506957,5.031291204353564,5,5
270000,broadcast,10.86666660308838,4.704312316243579,5,5
276000,broadcast,13.566666507720948,5.583457553487548,5,5
282000,broadcast,15.266666698455811,11.153350664666132,5,5
288000,broadcast,17.19999990463257,9.901879449911439,5,5
294000,broadcast,21.29999973773956,20.124059191212687,5,5
300000,broadcast,22.500000381469725,17.595375463255657,5,5
306000,broadcast,21.09999966621399,18.419720161725053,5,5
312000,broadcast,24.433333253860475,18.42009757831181,5,5
318000,broadcast,36.866666603088376,35.32574611203439,5,5
324000,broadcast,40.4000002861023,33.92569501728374,5,5
330000,broadcast,48.299998903274535,37.48470010510899,5,5
336000,broadcast,54.90000050067901,48.914410374328895,5,5
342000,broadcast,72.69999952316284,62.86740860987912,5,5
348000,broadcast,73.86666569709777,65.50565958839495,5,5
354000,broadcast,86.29999949932099,78.32636399247626,5,5
360000,broadcast,94.33333034515381,81.23790225286007,5,5
366000,broadcast,90.0333324432373,69.5357007110714,5,5
372000,broadcast,103.89999995231628,89.71316923330491,5,5
378000,broadcast,118.26666674613952,104.6678351401474,5,5
384000,broadcast,120.09999899864196,110.17912001814817,5,5
390000,broadcast,131.00000195503236,121.8896955374181,5,5
396000,broadcast,146.10000190734863,134.09152430474128,5,5
402000,broadcast,148.16666469573974,136.0805998338042,5,5
408000,broadcast,148.83333230018616,132.728993303452,5,5
414000,broadcast,169.23333225250244,159.73695994080035,5,5
420000,broadcast,185.20000495910645,169.92001900707785,5,5
426000,broadcast,178.23333625793458,155.49650210749346,5,5
432000,broadcast,184.0333302497864,177.16134825113593,5,5
438000,broadcast,257.5666706085205,240.39902783593317,5,5
444000,broadcast,209.83333535194396,186.1226479242273,5,5
450000,broadcast,222.99999589920043,207.62522774826195,5,5
456000,broadcast,222.80000200271607,188.1759443116105,5,5
462000,broadcast,245.1,231.52965469125402,5,5
468000,broadcast,259.2000019073486,238.46795203120504,5,5
474000,broadcast,254.83333320617675,229.35837634796,5,5
480000,broadcast,260.9666646957397,243.35483181096205,5,5
486000,broadcast,267.2333415031433,262.5192297685474,5,5
492000,broadcast,244.0666666984558,224.3718563067755,5,5
498000,broadcast,280.5000081062317,264.49446847851334,5,5
504000,broadcast,264.00000228881834,239.56506171989545,5,5
510000,broadcast,266.2999959945679,264.4135312027932,5,5
516000,broadcast,275.13332924842837,263.2244532766659,5,5
522000,broadcast,288.66667466163636,283.9802749829306,5,5
528000,broadcast,259.0000041007996,248.21460257028824,5,5
534000,broadcast,316.4000020980835,305.40843882164376,5,5
540000,broadcast,284.3666686058044,256.0879968928138,5,5
546000,broadcast,310.4000019073486,301.48416980701427,5,5
552000,broadcast,293.5666666507721,285.6276373739904,5,5
558000,broadcast,288.3333291530609,269.2205033820416,5,5
564000,broadcast,317.40000228881837,296.1567387609387,5,5
570000,broadcast,301.53333339691164,292.85397829461476,5,5
576000,broadcast,319.3333374023438,297.03198698441696,5,5
582000,broadcast,280.7666708946228,265.59779691960705,5,5
588000,broadcast,265.5666666030884,264.6955705007675,5,5
594000,broadcast,301.700004196167,279.8898013670869,5,5
600000,broadcast,318.99999804496764,296.93580855860233,5,5
6000,gated,0.6000000149011612,0.45030855045105844,5,5
12000,gated,1.0,0.35355337654432484,5,5
18000,gated,1.4000000447034835,1.0314499299596278,5,5
24000,gated,0.933333334326744,0.607819410612782,5,5
30000,gated,0.4333333343267441,0.34560735253533925,5,5
36000,gated,1.133333331346512,0.616891852656132,5,5
42000,gated,0.9666666507720947,0.21730672474466212,5,5
48000,gated,0.7333333313465118,0.2527625056312197,5,5
54000,gated,1.1333333253860474,0.2981424125493108,5,5
60000,gated,0.9000000029802322,0.9324400453395614,5,5
66000,gated,1.0666666626930237,0.45030853142373256,5,5
72000,gated,0.7999999940395355,0.32058971680190124,5,5
78000,gated,2.3666666746139526,0.6912146921359197,5,5
84000,gated,1.4666666626930236,1.0233387652746395,5,5
90000,gated,1.5333333492279053,0.6390096519773042,5,5
96000,gated,1.8333333253860473,0.6666666641831407,5,5
102000,gated,1.2000000298023223,0.900617100902117,5,5
108000,gated,0.7666666507720947,0.48016199142091587,5,5
114000,gated,2.0999999761581423,0.9689628360435636,5,5
120000,gated,1.7666666746139525,0.5602579226427562,5,5
126000,gated,2.233333337306976,1.1879019694086466,5,5
132000,gated,1.899999976158142,0.7781744939101731,5,5
138000,gated,2.8333333492279054,1.5898986523662082,5,5
144000,gated,1.7666666507720947,0.4503085259085666,5,5
150000,gated,3.1666666507720946,1.1843892030918426,5,5
156000,gated,2.499999976158142,0.6123723870288063,5,5
162000,gated,2.9333333015441894,1.8581651094015956,5,5
168000,gated,3.7666666507720947,1.0580380684937165,5,5
174000,gated,4.5,1.6115899342755966,5,5
180000,gated,3.6,1.7102631957339662,5,5
186000,gated,3.8333333492279054,1.5320647422825233,5,5
192000,gated,3.199999976158142,1.8158254400790497,5,5
198000,gated,4.733333349227905,1.1642833810224467,5,5
204000,gated,4.999999904632569,3.3395773371775355,5,5
210000,gated,4.833333349227905,4.581060032175171,5,5
216000,gated,4.366666722297668,2.5478750742223153,5,5
222000,gated,6.2333332061767575,2.8591955813068197,5,5
228000,gated,6.266666603088379,6.044510854600899,5,5
234000,gated,7.56666669845581,8.317151285833566,5,5
240000,gated,7.833333206176758,7.261963037909183,5,5
246000,gated,10.233333158493043,11.265482922235835,5,5
252000,gated,8.133333206176758,8.178053012460294,5,5
258000,gated,9.000000047683717,7.435836652742672,5,5
264000,gated,14.4333336353302,17.700675368924102,5,5
270000,gated,8.999999952316283,10.052639263638554,5,5
276000,gated,12.133333206176758,11.085776393568949,5,5
282000,gated,14.733333301544189,13.898740945598037,5,5
288000,gated,15.566666960716248,22.839294178018548,5,5
294000,gated,24.39999976158142,29.06042459467619,5,5
300000,gated,17.233333110809326,25.376224080467498,5,5
306000,gated,14.199999713897705,17.529894535644857,5,5
312000,gated,22.500000143051146,32.02299517271009,5,5
318000,gated,22.599999952316285,31.551016912744803,5,5
324000,gated,22.36666703224182,29.43056910259089,5,5
330000,gated,21.29999957084656,29.68477794731904,5,5
336000,gated,26.966666197776796,50.75573196019679,5,5
342000,gated,31.66666712760925,53.06940016116823,5,5
348000,gated,31.13333330154419,50.61900171976506,5,5
354000,gated,36.600000047683714,61.6419544884231,5,5
360000,gated,31.199999594688414,51.858567159433754,5,5
366000,gated,28.766666221618653,46.70186056396019,5,5
372000,gated,37.06666774749756,65.96101767671796,5,5
378000,gated,38.766667652130124,73.46357981335899,5,5
384000,gated,36.566665697097775,72.82452043080487,5,5
390000,gated,49.06666555404663,94.10599593730323,5,5
396000,gated,51.6333345413208,89.34961201743594,5,5
402000,gated,55.600001096725464,108.80606057998952,5,5
408000,gated,51.20000114440918,92.27694045890829,5,5
414000,gated,44.333334398269656,80.73404780256507,5,5
420000,gated,54.66666650772095,94.85390820926393,5,5
426000,gated,57.23333220481872,106.01176336924344,5,5
432000,gated,68.333331489563,115.86437970143868,5,5
438000,gated,60.200001335144044,101.97755959413159,5,5
444000,gated,78.50000219345092,109.56296186409645,5,5
450000,gated,75.13333566188813,122.27328666362108,5,5
456000,gated,79.39999809265137,119.89465990006572,5,5
462000,gated,76.4333348274231,114.64859789511429,5,5
468000,gated,95.7666690826416,134.95105526453327,5,5
474000,gated,97.36666612625122,139.53789803217137,5,5
480000,gated,84.59999732971191,125.02580415003541,5,5
486000,gated,98.00000100135803,137.26692711247472,5,5
492000,gated,99.09999732971191,123.51183728260123,5,5
498000,gated,107.59999895095825,154.81900337999,5,5
504000,gated,89.56666359901428,125.22615753494847,5,5
510000,gated,104.66666717529297,163.4095486036265,5,5
516000,gated,96.13333220481873,127.51074851972234,5,5
522000,gated,109.5666675567627,130.00767412370044,5,5
528000,gated,121.10000123977662,160.88231591093935,5,5
534000,gated,123.06666374206543,151.06977322444763,5,5
540000,gated,125.5666666984558,157.6499990884474,5,5
546000,gated,120.6,158.23789228793385,5,5
552000,gated,137.56666469573975,183.9132308240187,5,5
558000,gated,127.39999799728393,165.3508690360198,5,5
564000,gated,149.33333530426026,187.87492488404993,5,5
570000,gated,135.8999988079071,174.50698546982497,5,5
576000,gated,157.63333721160888,205.17592585239228,5,5
582000,gated,136.2666627883911,176.42091627720038,5,5
588000,gated,135.46666460037233,184.00272869103722,5,5
594000,gated,149.60000200271605,198.2938581091882,5,5
600000,gated,160.33332924842836,218.55430393082693,5,5
6000,attention,0.7333333283662796,0.521749189593283,5,5
12000,attention,0.8666666746139526,0.39791120788398315,5,5
18000,attention,1.3000000298023224,0.8027729868722987,5,5
24000,attention,1.1000000059604644,0.6078194218491768,5,5
30000,attention,0.8333333432674408,0.5892556643352919,5,5
36000,attention,1.1333333551883698,0.8198916246660536,5,5
42000,attention,1.200000023841858,0.18257420759959433,5,5
48000,attention,1.399999988079071,0.6728876181435575,5,5
54000,attention,1.5666666507720948,1.1583033594991994,5,5
60000,attention,1.4333333373069763,0.9617692051493661,5,5
66000,attention,1.6666666865348816,1.0000000049670543,5,5
72000,attention,1.5333333730697631,0.8771798622128925,5,5
78000,attention,1.7666666746139525,0.43461349520399944,5,5
84000,attention,1.7333333134651183,0.7691987075947975,5,5
90000,attention,2.066666674613953,0.7509253585990319,5,5
96000,attention,2.1666666984558107,0.5773502777928188,5,5
102000,attention,1.1666666924953462,0.47140452693744744,5,5
108000,attention,1.6666666865348816,0.9052317194886321,5,5
114000,attention,1.8333333253860473,0.3908679757493726,5,5
120000,attention,2.8000000357627868,1.617611457857734,5,5
126000,attention,2.0333333253860473,0.4772607236178879,5,5
132000,attention,3.3333333015441893,1.1666666099003404,5,5
138000,attention,2.7666666507720947,2.22548363750718,5,5
144000,attention,3.1333333015441895,2.29552698462671,5,5
150000,attention,2.6666667222976685,1.2416387661523747,5,5
156000,attention,2.9000000238418577,1.4747881762836965,5,5
162000,attention,3.0666666269302367,2.070292447870743,5,5
168000,attention,4.1,1.8242197033564072,5,5
174000,attention,3.4000000238418577,1.5211472407242699,5,5
180000,attention,2.3666666746139526,0.7940752766326247,5,5
186000,attention,5.43333330154419,3.9415873814929836,5,5
192000,attention,2.7333332777023314,1.1879019422297632,5,5
198000,attention,4.866666722297668,2.7773890056878434,5,5
204000,attention,3.3333333015441893,1.0000000198682157,5,5
210000,attention,2.499999976158142,0.8416253643162594,5,5
216000,attention,3.4666667222976684,1.1749705085480289,5,5
222000,attention,4.099999952316284,2.063572989824147,5,5
228000,attention,4.700000047683716,3.6806551361807944,5,5
234000,attention,5.099999952316284,2.3822257356537273,5,5
240000,attention,4.266666603088379,1.6980380648722375,5,5
246000,attention,4.0666666507720945,2.0090074699759444,5,5
252000,attention,4.966666650772095,2.5937959018409322,5,5
258000,attention,5.3333333253860475,4.1045367736435905,5,5
264000,attention,4.500000047683716,3.0161602794802156,5,5
270000,attention,3.966666746139526,0.8850612705020101,5,5
276000,attention,5.866666555404663,3.5656539210755986,5,5
282000,attention,4.633333396911621,3.8647266595281824,5,5
288000,attention,6.666666698455811,4.2768759182773834,5,5
294000,attention,4.9,1.4653403545514607,5,5
300000,attention,7.2,5.280204125650587,5,5
306000,attention,4.366666650772094,2.3640830929443304,5,5
312000,attention,4.966666746139526,1.955760777434291,5,5
318000,attention,4.5,2.563092751163562,5,5
324000,attention,5.4666666984558105,0.9457507740236945,5,5
330000,attention,5.0,1.7159383934968317,5,5
336000,attention,5.699999976158142,3.311176355081477,5,5
342000,attention,8.500000071525573,4.0705582407653385,5,5
348000,attention,8.733333301544189,5.188930421500094,5,5
354000,attention,8.600000190734864,9.47555358588346,5,5
360000,attention,10.766666746139526,9.932130787357812,5,5
366000,attention,18.766667342185976,26.07883454965012,5,5
372000,attention,20.299999713897705,21.707461099375124,5,5
378000,attention,18.266666603088378,22.138641331315103,5,5
384000,attention,23.30000009536743,29.867159654371115,5,5
390000,attention,29.23333330154419,29.705171673878695,5,5
396000,attention,27.199999380111695,41.982038697976236,5,5
402000,attention,39.73333301544189,46.445546433230675,5,5
408000,attention,45.09999890327454,55.023932250091214,5,5
414000,attention,44.93333177566528,56.96814187560506,5,5
420000,attention,62.400001525878906,84.5220736809465,5,5
426000,attention,56.96666617393494,74.15593440813055,5,5
432000,attention,65.13333172798157,89.31586983974627,5,5
438000,attention,68.96666774749755,93.47915878988753,5,5
444000,attention,73.93333334922791,102.30093133849601,5,5
450000,attention,69.1666666507721,89.00600771723882,5,5
456000,attention,66.86666564941406,87.33988362804614,5,5
462000,attention,72.33333127498626,94.26889454500632,5,5
468000,attention,76.70000205039977,102.34415255770735,5,5
474000,attention,88.79999794960023,117.75217343905776,5,5
480000,attention,84.16666569709778,107.3319086755943,5,5
486000,attention,93.36666665077209,123.82578493444315,5,5
492000,attention,101.63333334922791,134.97085074808822,5,5
498000,attention,108.86666965484619,138.35102731904206,5,5
504000,attention,106.4000030040741,139.34966439276607,5,5
510000,attention,85.16666669845581,114.12852157998734,5,5
516000,attention,123.73333535194396,166.81691780494563,5,5
522000,attention,120.5333312511444,159.53984812235737,5,5
528000,attention,95.033336353302,126.98170699797832,5,5
534000,attention,122.86666464805603,156.06441530364847,5,5
540000,attention,135.83333539962769,181.23925569039412,5,5
546000,attention,113.0999969482422,149.982059351562,5,5
552000,attention,126.73333129882812,166.1168660531606,5,5
558000,attention,140.93333311080931,176.05407174262032,5,5
564000,attention,138.76666476726533,180.23624685057808,5,5
570000,attention,147.66666660308837,195.14777260251813,5,5
576000,attention,132.26666669845582,167.32149008314346,5,5
582000,attention,125.26666784286499,166.39271715612733,5,5
588000,attention,130.86666560173035,179.42482878589854,5,5
594000,attention,166.76666669845582,227.7519544707347,5,5
600000,attention,150.93333740234374,198.87973606791653,5,5
6000,graph,0.7333333283662796,0.521749189593283,5,5
12000,graph,0.8666666746139526,0.39791120788398315,5,5
18000,graph,1.3666666388511657,1.2326574445351663,5,5
24000,graph,1.1666666388511657,0.6972166579072198,5,5
30000,graph,0.9666666626930237,0.18257416679108407,5,5
36000,graph,0.9666666716337204,0.7673909902629101,5,5
42000,graph,0.9333333373069763,0.345607356846927,5,5
48000,graph,1.0333333253860473,0.27386127693887385,5,5
54000,graph,1.399999976158142,0.2527625095614356,5,5
60000,graph,1.366666668653488,1.5018507084337422,5,5
66000,graph,1.499999988079071,0.8079466070408489,5,5
72000,graph,1.7333333432674407,1.2393995289008535,5,5
78000,graph,1.6,1.2337837028967402,5,5
84000,graph,2.199999988079071,0.9234596879821219,5,5
90000,graph,2.266666662693024,1.1093040813767783,5,5
96000,graph,1.3666666507720948,0.298142382561303,5,5
102000,graph,1.2333333373069764,0.5217491893552828,5,5
108000,graph,1.899999988079071,0.8787617496336851,5,5
114000,graph,2.700000023841858,1.4452988896001167,5,5
120000,graph,2.200000047683716,0.7397447338308589,5,5
126000,graph,2.999999964237213,1.9112241313075777,5,5
132000,graph,4.000000047683716,1.7989193643171693,5,5
138000,graph,3.799999952316284,0.9675283324139841,5,5
144000,graph,2.200000023841858,0.8283182574441088,5,5
150000,graph,4.100000047683716,1.726428630197875,5,5
156000,graph,3.4999999523162844,0.2357022884934239,5,5
162000,graph,2.900000047683716,0.7226493949679597,5,5
168000,graph,3.266666603088379,0.4801620400402403,5,5
174000,graph,3.3333333253860475,1.006920489578029,5,5
180000,graph,4.033333253860474,1.209912717068913,5,5
186000,graph,5.0333333015441895,1.9839634910018957,5,5
192000,graph,4.633333396911621,2.0323769037127923,5,5
198000,graph,4.600000095367432,1.8804550759255443,5,5
204000,graph,6.266666650772095,3.6564251329767576,5,5
210000,graph,5.899999952316284,1.820408842477886,5,5
216000,graph,7.966666603088379,4.74546537421356,5,5
222000,graph,7.000000023841858,5.1071844868776655,5,5
228000,graph,7.699999904632568,4.560397141090816,5,5
234000,graph,7.3,3.0491347090422702,5,5
240000,graph,8.833333396911621,4.544532833908261,5,5
246000,graph,8.89999988079071,6.418938705797158,5,5
252000,graph,9.100000166893006,10.016375770902995,5,5
258000,graph,8.866666650772094,7.153476250185315,5,5
264000,graph,9.833333349227905,7.598428187398478,5,5
270000,graph,10.8,9.772694469694367,5,5
276000,graph,13.433333110809325,10.804191276879271,5,5
282000,graph,15.533333492279052,16.752031452160452,5,5
288000,graph,25.333332586288453,29.2025957867503,5,5
294000,graph,21.933332681655884,29.693947039464575,5,5
300000,graph,27.500000095367433,25.624425068533455,5,5
306000,graph,36.43333306312561,52.66265704761626,5,5
312000,graph,37.49999923706055,49.12074014187984,5,5
318000,graph,39.23333287239075,48.34850253730988,5,5
324000,graph,43.33333330154419,53.09948687038574,5,5
330000,graph,45.60000047683716,58.09338773283064,5,5
336000,graph,46.766667175292966,59.63670124786,5,5
342000,graph,55.60000114440918,70.4855796312445,5,5
348000,graph,64.60000190734863,78.49527870222707,5,5
354000,graph,62.33333442211151,78.82567063744949,5,5
360000,graph,66.39999845027924,91.80433376117034,5,5
366000,graph,72.76666731834412,94.91206600523809,5,5
372000,graph,83.9666657447815,106.56090922534636,5,5
378000,graph,76.76666550636291,87.65482999822918,5,5
384000,graph,78.86666674613953,110.66324034240965,5,5
390000,graph,90.83333339691163,114.70995977945864,5,5
396000,graph,81.59999823570251,101.53218977757966,5,5
402000,graph,92.6000020980835,117.42306261915076,5,5
408000,graph,93.93333230018615,123.36979113862897,5,5
414000,graph,94.3666657447815,117.86953578855633,5,5
420000,graph,94.63333640098571,124.62507551368556,5,5
426000,graph,111.06666679382325,143.1992391520289,5,5
432000,graph,123.69999985694885,155.16968322554843,5,5
438000,graph,131.73333144187927,170.77342577255175,5,5
444000,graph,132.53333526849747,175.627939170574,5,5
450000,graph,121.96666889190674,139.2028621112226,5,5
456000,graph,109.6666666507721,143.90202090634477,5,5
462000,graph,117.33333024978637,154.35609534359534,5,5
468000,graph,120.4000039100647,148.71793405419854,5,5
474000,graph,125.29999811649323,162.38642688548703,5,5
480000,graph,129.03333139419556,158.91001753734508,5,5
486000,graph,130.83332929611205,172.61392618707674,5,5
492000,graph,166.9333333492279,220.7686564541441,5,5
498000,graph,151.16666250228883,194.07722713119213,5,5
504000,graph,129.56666469573975,168.52128670543001,5,5
510000,graph,135.33333349227905,172.8448631733409,5,5
516000,graph,144.86666474342346,190.22885868394127,5,5
522000,graph,135.73333315849305,175.78362742307993,5,5
528000,graph,138.89999997615814,182.06850056139467,5,5
534000,graph,135.53333129882813,168.76616556618086,5,5
540000,graph,167.99999790191652,221.05758772144756,5,5
546000,graph,147.66666469573974,187.55228642392046,5,5
552000,graph,149.06666464805602,192.10737467851655,5,5
558000,graph,164.6333293914795,215.25131383483344,5,5
564000,graph,172.56666431427,212.86346436389002,5,5
570000,graph,177.16666688919068,214.87528732195048,5,5
576000,graph,148.93333520889283,186.69514961592972,5,5
582000,graph,153.83333106040953,183.46052085542786,5,5
588000,graph,140.40000200271606,171.9414335183009,5,5
594000,graph,155.5666663646698,189.79559935304755,5,5
600000,graph,150.6,194.19358090443785,5,5
