task,method,seed,metric,value
PCP,identity,1100,parameters_actor_total,19488.0
PCP,identity,1100,parameters_actor_trainable,19488.0
PCP,identity,1100,parameters_communication_total,0.0
PCP,identity,1100,parameters_communication_trainable,0.0
PCP,identity,1100,parameters_critic_total,19778.0
PCP,identity,1100,parameters_critic_trainable,19778.0
PCP,identity,1100,parameters_group/adversary/actor_total,19332.0
PCP,identity,1100,parameters_group/adversary/actor_trainable,19332.0
PCP,identity,1100,parameters_group/adversary/communication_total,0.0
PCP,identity,1100,parameters_group/adversary/communication_trainable,0.0
PCP,identity,1100,parameters_group/adversary/critic_total,19585.0
PCP,identity,1100,parameters_group/adversary/critic_trainable,19585.0
PCP,identity,1100,parameters_group/agent/actor_total,156.0
PCP,identity,1100,parameters_group/agent/actor_trainable,156.0
PCP,identity,1100,parameters_group/agent/communication_total,0.0
PCP,identity,1100,parameters_group/agent/communication_trainable,0.0
PCP,identity,1100,parameters_group/agent/critic_total,193.0
PCP,identity,1100,parameters_group/agent/critic_trainable,193.0
PCP,identity,1101,parameters_actor_total,19488.0
PCP,identity,1101,parameters_actor_trainable,19488.0
PCP,identity,1101,parameters_communication_total,0.0
PCP,identity,1101,parameters_communication_trainable,0.0
PCP,identity,1101,parameters_critic_total,19778.0
PCP,identity,1101,parameters_critic_trainable,19778.0
PCP,identity,1101,parameters_group/adversary/actor_total,19332.0
PCP,identity,1101,parameters_group/adversary/actor_trainable,19332.0
PCP,identity,1101,parameters_group/adversary/communication_total,0.0
PCP,identity,1101,parameters_group/adversary/communication_trainable,0.0
PCP,identity,1101,parameters_group/adversary/critic_total,19585.0
PCP,identity,1101,parameters_group/adversary/critic_trainable,19585.0
PCP,identity,1101,parameters_group/agent/actor_total,156.0
PCP,identity,1101,parameters_group/agent/actor_trainable,156.0
PCP,identity,1101,parameters_group/agent/communication_total,0.0
PCP,identity,1101,parameters_group/agent/communication_trainable,0.0
PCP,identity,1101,parameters_group/agent/critic_total,193.0
PCP,identity,1101,parameters_group/agent/critic_trainable,193.0
PCP,identity,1102,parameters_actor_total,19488.0
PCP,identity,1102,parameters_actor_trainable,19488.0
PCP,identity,1102,parameters_communication_total,0.0
PCP,identity,1102,parameters_communication_trainable,0.0
PCP,identity,1102,parameters_critic_total,19778.0
PCP,identity,1102,parameters_critic_trainable,19778.0
PCP,identity,1102,parameters_group/adversary/actor_total,19332.0
PCP,identity,1102,parameters_group/adversary/actor_trainable,19332.0
PCP,identity,1102,parameters_group/adversary/communication_total,0.0
PCP,identity,1102,parameters_group/adversary/communication_trainable,0.0
PCP,identity,1102,parameters_group/adversary/critic_total,19585.0
PCP,identity,1102,parameters_group/adversary/critic_trainable,19585.0
PCP,identity,1102,parameters_group/agent/actor_total,156.0
PCP,identity,1102,parameters_group/agent/actor_trainable,156.0
PCP,identity,1102,parameters_group/agent/communication_total,0.0
PCP,identity,1102,parameters_group/agent/communication_trainable,0.0
PCP,identity,1102,parameters_group/agent/critic_total,193.0
PCP,identity,1102,parameters_group/agent/critic_trainable,193.0
PCP,identity,1103,parameters_actor_total,19488.0
PCP,identity,1103,parameters_actor_trainable,19488.0
PCP,identity,1103,parameters_communication_total,0.0
PCP,identity,1103,parameters_communication_trainable,0.0
PCP,identity,1103,parameters_critic_total,19778.0
PCP,identity,1103,parameters_critic_trainable,19778.0
PCP,identity,1103,parameters_group/adversary/actor_total,19332.0
PCP,identity,1103,parameters_group/adversary/actor_trainable,19332.0
PCP,identity,1103,parameters_group/adversary/communication_total,0.0
PCP,identity,1103,parameters_group/adversary/communication_trainable,0.0
PCP,identity,1103,parameters_group/adversary/critic_total,19585.0
PCP,identity,1103,parameters_group/adversary/critic_trainable,19585.0
PCP,identity,1103,parameters_group/agent/actor_total,156.0
PCP,identity,1103,parameters_group/agent/actor_trainable,156.0
PCP,identity,1103,parameters_group/agent/communication_total,0.0
PCP,identity,1103,parameters_group/agent/communication_trainable,0.0
PCP,identity,1103,parameters_group/agent/critic_total,193.0
PCP,identity,1103,parameters_group/agent/critic_trainable,193.0
PCP,identity,1104,parameters_actor_total,19488.0
PCP,identity,1104,parameters_actor_trainable,19488.0
PCP,identity,1104,parameters_communication_total,0.0
PCP,identity,1104,parameters_communication_trainable,0.0
PCP,identity,1104,parameters_critic_total,19778.0
PCP,identity,1104,parameters_critic_trainable,19778.0
PCP,identity,1104,parameters_group/adversary/actor_total,19332.0
PCP,identity,1104,parameters_group/adversary/actor_trainable,19332.0
PCP,identity,1104,parameters_group/adversary/communication_total,0.0
PCP,identity,1104,parameters_group/adversary/communication_trainable,0.0
PCP,identity,1104,parameters_group/adversary/critic_total,19585.0
PCP,identity,1104,parameters_group/adversary/critic_trainable,19585.0
PCP,identity,1104,parameters_group/agent/actor_total,156.0
PCP,identity,1104,parameters_group/agent/actor_trainable,156.0
PCP,identity,1104,parameters_group/agent/communication_total,0.0
PCP,identity,1104,parameters_group/agent/communication_trainable,0.0
PCP,identity,1104,parameters_group/agent/critic_total,193.0
PCP,identity,1104,parameters_group/agent/critic_trainable,193.0
PCP,broadcast,1100,parameters_actor_total,27680.0
PCP,broadcast,1100,parameters_actor_trainable,27680.0
PCP,broadcast,1100,parameters_communication_total,8192.0
PCP,broadcast,1100,parameters_communication_trainable,8192.0
PCP,broadcast,1100,parameters_critic_total,19778.0
PCP,broadcast,1100,parameters_critic_trainable,19778.0
PCP,broadcast,1100,parameters_group/adversary/actor_total,27524.0
PCP,broadcast,1100,parameters_group/adversary/actor_trainable,27524.0
PCP,broadcast,1100,parameters_group/adversary/communication_total,8192.0
PCP,broadcast,1100,parameters_group/adversary/communication_trainable,8192.0
PCP,broadcast,1100,parameters_group/adversary/critic_total,19585.0
PCP,broadcast,1100,parameters_group/adversary/critic_trainable,19585.0
PCP,broadcast,1100,parameters_group/agent/actor_total,156.0
PCP,broadcast,1100,parameters_group/agent/actor_trainable,156.0
PCP,broadcast,1100,parameters_group/agent/communication_total,0.0
PCP,broadcast,1100,parameters_group/agent/communication_trainable,0.0
PCP,broadcast,1100,parameters_group/agent/critic_total,193.0
PCP,broadcast,1100,parameters_group/agent/critic_trainable,193.0
PCP,broadcast,1101,parameters_actor_total,27680.0
PCP,broadcast,1101,parameters_actor_trainable,27680.0
PCP,broadcast,1101,parameters_communication_total,8192.0
PCP,broadcast,1101,parameters_communication_trainable,8192.0
PCP,broadcast,1101,parameters_critic_total,19778.0
PCP,broadcast,1101,parameters_critic_trainable,19778.0
PCP,broadcast,1101,parameters_group/adversary/actor_total,27524.0
PCP,broadcast,1101,parameters_group/adversary/actor_trainable,27524.0
PCP,broadcast,1101,parameters_group/adversary/communication_total,8192.0
PCP,broadcast,1101,parameters_group/adversary/communication_trainable,8192.0
PCP,broadcast,1101,parameters_group/adversary/critic_total,19585.0
PCP,broadcast,1101,parameters_group/adversary/critic_trainable,19585.0
PCP,broadcast,1101,parameters_group/agent/actor_total,156.0
PCP,broadcast,1101,parameters_group/agent/actor_trainable,156.0
PCP,broadcast,1101,parameters_group/agent/communication_total,0.0
PCP,broadcast,1101,parameters_group/agent/communication_trainable,0.0
PCP,broadcast,1101,parameters_group/agent/critic_total,193.0
PCP,broadcast,1101,parameters_group/agent/critic_trainable,193.0
PCP,broadcast,1102,parameters_actor_total,27680.0
PCP,broadcast,1102,parameters_actor_trainable,27680.0
PCP,broadcast,1102,parameters_communication_total,8192.0
PCP,broadcast,1102,parameters_communication_trainable,8192.0
PCP,broadcast,1102,parameters_critic_total,19778.0
PCP,broadcast,1102,parameters_critic_trainable,19778.0
PCP,broadcast,1102,parameters_group/adversary/actor_total,27524.0
PCP,broadcast,1102,parameters_group/adversary/actor_trainable,27524.0
PCP,broadcast,1102,parameters_group/adversary/communication_total,8192.0
PCP,broadcast,1102,parameters_group/adversary/communication_trainable,8192.0
PCP,broadcast,1102,parameters_group/adversary/critic_total,19585.0
PCP,broadcast,1102,parameters_group/adversary/critic_trainable,19585.0
PCP,broadcast,1102,parameters_group/agent/actor_total,156.0
PCP,broadcast,1102,parameters_group/agent/actor_trainable,156.0
PCP,broadcast,1102,parameters_group/agent/communication_total,0.0
PCP,broadcast,1102,parameters_group/agent/communication_trainable,0.0
PCP,broadcast,1102,parameters_group/agent/critic_total,193.0
PCP,broadcast,1102,parameters_group/agent/critic_trainable,193.0
PCP,broadcast,1103,parameters_actor_total,27680.0
PCP,broadcast,1103,parameters_actor_trainable,27680.0
PCP,broadcast,1103,parameters_communication_total,8192.0
PCP,broadcast,1103,parameters_communication_trainable,8192.0
PCP,broadcast,1103,parameters_critic_total,19778.0
PCP,broadcast,1103,parameters_critic_trainable,19778.0
PCP,broadcast,1103,parameters_group/adversary/actor_total,27524.0
PCP,broadcast,1103,parameters_group/adversary/actor_trainable,27524.0
PCP,broadcast,1103,parameters_group/adversary/communication_total,8192.0
PCP,broadcast,1103,parameters_group/adversary/communication_trainable,8192.0
PCP,broadcast,1103,parameters_group/adversary/critic_total,19585.0
PCP,broadcast,1103,parameters_group/adversary/critic_trainable,19585.0
PCP,broadcast,1103,parameters_group/agent/actor_total,156.0
PCP,broadcast,1103,parameters_group/agent/actor_trainable,156.0
PCP,broadcast,1103,parameters_group/agent/communication_total,0.0
PCP,broadcast,1103,parameters_group/agent/communication_trainable,0.0
PCP,broadcast,1103,parameters_group/agent/critic_total,193.0
PCP,broadcast,1103,parameters_group/agent/critic_trainable,193.0
PCP,broadcast,1104,parameters_actor_total,27680.0
PCP,broadcast,1104,parameters_actor_trainable,27680.0
PCP,broadcast,1104,parameters_communication_total,8192.0
PCP,broadcast,1104,parameters_communication_trainable,8192.0
PCP,broadcast,1104,parameters_critic_total,19778.0
PCP,broadcast,1104,parameters_critic_trainable,19778.0
PCP,broadcast,1104,parameters_group/adversary/actor_total,27524.0
PCP,broadcast,1104,parameters_group/adversary/actor_trainable,27524.0
PCP,broadcast,1104,parameters_group/adversary/communication_total,8192.0
PCP,broadcast,1104,parameters_group/adversary/communication_trainable,8192.0
PCP,broadcast,1104,parameters_group/adversary/critic_total,19585.0
PCP,broadcast,1104,parameters_group/adversary/critic_trainable,19585.0
PCP,broadcast,1104,parameters_group/agent/actor_total,156.0
PCP,broadcast,1104,parameters_group/agent/actor_trainable,156.0
PCP,broadcast,1104,parameters_group/agent/communication_total,0.0
PCP,broadcast,1104,parameters_group/agent/communication_trainable,0.0
PCP,broadcast,1104,parameters_group/agent/critic_total,193.0
PCP,broadcast,1104,parameters_group/agent/critic_trainable,193.0
PCP,gated,1100,parameters_actor_total,27809.0
PCP,gated,1100,parameters_actor_trainable,27809.0
PCP,gated,1100,parameters_communication_total,8321.0
PCP,gated,1100,parameters_communication_trainable,8321.0
PCP,gated,1100,parameters_critic_total,19778.0
PCP,gated,1100,parameters_critic_trainable,19778.0
PCP,gated,1100,parameters_group/adversary/actor_total,27653.0
PCP,gated,1100,parameters_group/adversary/actor_trainable,27653.0
PCP,gated,1100,parameters_group/adversary/communication_total,8321.0
PCP,gated,1100,parameters_group/adversary/communication_trainable,8321.0
PCP,gated,1100,parameters_group/adversary/critic_total,19585.0
PCP,gated,1100,parameters_group/adversary/critic_trainable,19585.0
PCP,gated,1100,parameters_group/agent/actor_total,156.0
PCP,gated,1100,parameters_group/agent/actor_trainable,156.0
PCP,gated,1100,parameters_group/agent/communication_total,0.0
PCP,gated,1100,parameters_group/agent/communication_trainable,0.0
PCP,gated,1100,parameters_group/agent/critic_total,193.0
PCP,gated,1100,parameters_group/agent/critic_trainable,193.0
PCP,gated,1101,parameters_actor_total,27809.0
PCP,gated,1101,parameters_actor_trainable,27809.0
PCP,gated,1101,parameters_communication_total,8321.0
PCP,gated,1101,parameters_communication_trainable,8321.0
PCP,gated,1101,parameters_critic_total,19778.0
PCP,gated,1101,parameters_critic_trainable,19778.0
PCP,gated,1101,parameters_group/adversary/actor_total,27653.0
PCP,gated,1101,parameters_group/adversary/actor_trainable,27653.0
PCP,gated,1101,parameters_group/adversary/communication_total,8321.0
PCP,gated,1101,parameters_group/adversary/communication_trainable,8321.0
PCP,gated,1101,parameters_group/adversary/critic_total,19585.0
PCP,gated,1101,parameters_group/adversary/critic_trainable,19585.0
PCP,gated,1101,parameters_group/agent/actor_total,156.0
PCP,gated,1101,parameters_group/agent/actor_trainable,156.0
PCP,gated,1101,parameters_group/agent/communication_total,0.0
PCP,gated,1101,parameters_group/agent/communication_trainable,0.0
PCP,gated,1101,parameters_group/agent/critic_total,193.0
PCP,gated,1101,parameters_group/agent/critic_trainable,193.0
PCP,gated,1102,parameters_actor_total,27809.0
PCP,gated,1102,parameters_actor_trainable,27809.0
PCP,gated,1102,parameters_communication_total,8321.0
PCP,gated,1102,parameters_communication_trainable,8321.0
PCP,gated,1102,parameters_critic_total,19778.0
PCP,gated,1102,parameters_critic_trainable,19778.0
PCP,gated,1102,parameters_group/adversary/actor_total,27653.0
PCP,gated,1102,parameters_group/adversary/actor_trainable,27653.0
PCP,gated,1102,parameters_group/adversary/communication_total,8321.0
PCP,gated,1102,parameters_group/adversary/communication_trainable,8321.0
PCP,gated,1102,parameters_group/adversary/critic_total,19585.0
PCP,gated,1102,parameters_group/adversary/critic_trainable,19585.0
PCP,gated,1102,parameters_group/agent/actor_total,156.0
PCP,gated,1102,parameters_group/agent/actor_trainable,156.0
PCP,gated,1102,parameters_group/agent/communication_total,0.0
PCP,gated,1102,parameters_group/agent/communication_trainable,0.0
PCP,gated,1102,parameters_group/agent/critic_total,193.0
PCP,gated,1102,parameters_group/agent/critic_trainable,193.0
PCP,gated,1103,parameters_actor_total,27809.0
PCP,gated,1103,parameters_actor_trainable,27809.0
PCP,gated,1103,parameters_communication_total,8321.0
PCP,gated,1103,parameters_communication_trainable,8321.0
PCP,gated,1103,parameters_critic_total,19778.0
PCP,gated,1103,parameters_critic_trainable,19778.0
PCP,gated,1103,parameters_group/adversary/actor_total,27653.0
PCP,gated,1103,parameters_group/adversary/actor_trainable,27653.0
PCP,gated,1103,parameters_group/adversary/communication_total,8321.0
PCP,gated,1103,parameters_group/adversary/communication_trainable,8321.0
PCP,gated,1103,parameters_group/adversary/critic_total,19585.0
PCP,gated,1103,parameters_group/adversary/critic_trainable,19585.0
PCP,gated,1103,parameters_group/agent/actor_total,156.0
PCP,gated,1103,parameters_group/agent/actor_trainable,156.0
PCP,gated,1103,parameters_group/agent/communication_total,0.0
PCP,gated,1103,parameters_group/agent/communication_trainable,0.0
PCP,gated,1103,parameters_group/agent/critic_total,193.0
PCP,gated,1103,parameters_group/agent/critic_trainable,193.0
PCP,gated,1104,parameters_actor_total,27809.0
PCP,gated,1104,parameters_actor_trainable,27809.0
PCP,gated,1104,parameters_communication_total,8321.0
PCP,gated,1104,parameters_communication_trainable,8321.0
PCP,gated,1104,parameters_critic_total,19778.0
PCP,gated,1104,parameters_critic_trainable,19778.0
PCP,gated,1104,parameters_group/adversary/actor_total,27653.0
PCP,gated,1104,parameters_group/adversary/actor_trainable,27653.0
PCP,gated,1104,parameters_group/adversary/communication_total,8321.0
PCP,gated,1104,parameters_group/adversary/communication_trainable,8321.0
PCP,gated,1104,parameters_group/adversary/critic_total,19585.0
PCP,gated,1104,parameters_group/adversary/critic_trainable,19585.0
PCP,gated,1104,parameters_group/agent/actor_total,156.0
PCP,gated,1104,parameters_group/agent/actor_trainable,156.0
PCP,gated,1104,parameters_group/agent/communication_total,0.0
PCP,gated,1104,parameters_group/agent/communication_trainable,0.0
PCP,gated,1104,parameters_group/agent/critic_total,193.0
PCP,gated,1104,parameters_group/agent/critic_trainable,193.0
PCP,attention,1100,parameters_actor_total,35872.0
PCP,attention,1100,parameters_actor_trainable,35872.0
PCP,attention,1100,parameters_communication_total,16384.0
PCP,attention,1100,parameters_communication_trainable,16384.0
PCP,attention,1100,parameters_critic_total,19778.0
PCP,attention,1100,parameters_critic_trainable,19778.0
PCP,attention,1100,parameters_group/adversary/actor_total,35716.0
PCP,attention,1100,parameters_group/adversary/actor_trainable,35716.0
PCP,attention,1100,parameters_group/adversary/communication_total,16384.0
PCP,attention,1100,parameters_group/adversary/communication_trainable,16384.0
PCP,attention,1100,parameters_group/adversary/critic_total,19585.0
PCP,attention,1100,parameters_group/adversary/critic_trainable,19585.0
PCP,attention,1100,parameters_group/agent/actor_total,156.0
PCP,attention,1100,parameters_group/agent/actor_trainable,156.0
PCP,attention,1100,parameters_group/agent/communication_total,0.0
PCP,attention,1100,parameters_group/agent/communication_trainable,0.0
PCP,attention,1100,parameters_group/agent/critic_total,193.0
PCP,attention,1100,parameters_group/agent/critic_trainable,193.0
PCP,attention,1101,parameters_actor_total,35872.0
PCP,attention,1101,parameters_actor_trainable,35872.0
PCP,attention,1101,parameters_communication_total,16384.0
PCP,attention,1101,parameters_communication_trainable,16384.0
PCP,attention,1101,parameters_critic_total,19778.0
PCP,attention,1101,parameters_critic_trainable,19778.0
PCP,attention,1101,parameters_group/adversary/actor_total,35716.0
PCP,attention,1101,parameters_group/adversary/actor_trainable,35716.0
PCP,attention,1101,parameters_group/adversary/communication_total,16384.0
PCP,attention,1101,parameters_group/adversary/communication_trainable,16384.0
PCP,attention,1101,parameters_group/adversary/critic_total,19585.0
PCP,attention,1101,parameters_group/adversary/critic_trainable,19585.0
PCP,attention,1101,parameters_group/agent/actor_total,156.0
PCP,attention,1101,parameters_group/agent/actor_trainable,156.0
PCP,attention,1101,parameters_group/agent/communication_total,0.0
PCP,attention,1101,parameters_group/agent/communication_trainable,0.0
PCP,attention,1101,parameters_group/agent/critic_total,193.0
PCP,attention,1101,parameters_group/agent/critic_trainable,193.0
PCP,attention,1102,parameters_actor_total,35872.0
PCP,attention,1102,parameters_actor_trainable,35872.0
PCP,attention,1102,parameters_communication_total,16384.0
PCP,attention,1102,parameters_communication_trainable,16384.0
PCP,attention,1102,parameters_critic_total,19778.0
PCP,attention,1102,parameters_critic_trainable,19778.0
PCP,attention,1102,parameters_group/adversary/actor_total,35716.0
PCP,attention,1102,parameters_group/adversary/actor_trainable,35716.0
PCP,attention,1102,parameters_group/adversary/communication_total,16384.0
PCP,attention,1102,parameters_group/adversary/communication_trainable,16384.0
PCP,attention,1102,parameters_group/adversary/critic_total,19585.0
PCP,attention,1102,parameters_group/adversary/critic_trainable,19585.0
PCP,attention,1102,parameters_group/agent/actor_total,156.0
PCP,attention,1102,parameters_group/agent/actor_trainable,156.0
PCP,attention,1102,parameters_group/agent/communication_total,0.0
PCP,attention,1102,parameters_group/agent/communication_trainable,0.0
PCP,attention,1102,parameters_group/agent/critic_total,193.0
PCP,attention,1102,parameters_group/agent/critic_trainable,193.0
PCP,attention,1103,parameters_actor_total,35872.0
PCP,attention,1103,parameters_actor_trainable,35872.0
PCP,attention,1103,parameters_communication_total,16384.0
PCP,attention,1103,parameters_communication_trainable,16384.0
PCP,attention,1103,parameters_critic_total,19778.0
PCP,attention,1103,parameters_critic_trainable,19778.0
PCP,attention,1103,parameters_group/adversary/actor_total,35716.0
PCP,attention,1103,parameters_group/adversary/actor_trainable,35716.0
PCP,attention,1103,parameters_group/adversary/communication_total,16384.0
PCP,attention,1103,parameters_group/adversary/communication_trainable,16384.0
PCP,attention,1103,parameters_group/adversary/critic_total,19585.0
PCP,attention,1103,parameters_group/adversary/critic_trainable,19585.0
PCP,attention,1103,parameters_group/agent/actor_total,156.0
PCP,attention,1103,parameters_group/agent/actor_trainable,156.0
PCP,attention,1103,parameters_group/agent/communication_total,0.0
PCP,attention,1103,parameters_group/agent/communication_trainable,0.0
PCP,attention,1103,parameters_group/agent/critic_total,193.0
PCP,attention,1103,parameters_group/agent/critic_trainable,193.0
PCP,attention,1104,parameters_actor_total,35872.0
PCP,attention,1104,parameters_actor_trainable,35872.0
PCP,attention,1104,parameters_communication_total,16384.0
PCP,attention,1104,parameters_communication_trainable,16384.0
PCP,attention,1104,parameters_critic_total,19778.0
PCP,attention,1104,parameters_critic_trainable,19778.0
PCP,attention,1104,parameters_group/adversary/actor_total,35716.0
PCP,attention,1104,parameters_group/adversary/actor_trainable,35716.0
PCP,attention,1104,parameters_group/adversary/communication_total,16384.0
PCP,attention,1104,parameters_group/adversary/communication_trainable,16384.0
PCP,attention,1104,parameters_group/adversary/critic_total,19585.0
PCP,attention,1104,parameters_group/adversary/critic_trainable,19585.0
PCP,attention,1104,parameters_group/agent/actor_total,156.0
PCP,attention,1104,parameters_group/agent/actor_trainable,156.0
PCP,attention,1104,parameters_group/agent/communication_total,0.0
PCP,attention,1104,parameters_group/agent/communication_trainable,0.0
PCP,attention,1104,parameters_group/agent/critic_total,193.0
PCP,attention,1104,parameters_group/agent/critic_trainable,193.0
PCP,graph,1100,parameters_actor_total,35904.0
PCP,graph,1100,parameters_actor_trainable,35904.0
PCP,graph,1100,parameters_communication_total,16416.0
PCP,graph,1100,parameters_communication_trainable,16416.0
PCP,graph,1100,parameters_critic_total,19778.0
PCP,graph,1100,parameters_critic_trainable,19778.0
PCP,graph,1100,parameters_group/adversary/actor_total,35748.0
PCP,graph,1100,parameters_group/adversary/actor_trainable,35748.0
PCP,graph,1100,parameters_group/adversary/communication_total,16416.0
PCP,graph,1100,parameters_group/adversary/communication_trainable,16416.0
PCP,graph,1100,parameters_group/adversary/critic_total,19585.0
PCP,graph,1100,parameters_group/adversary/critic_trainable,19585.0
PCP,graph,1100,parameters_group/agent/actor_total,156.0
PCP,graph,1100,parameters_group/agent/actor_trainable,156.0
PCP,graph,1100,parameters_group/agent/communication_total,0.0
PCP,graph,1100,parameters_group/agent/communication_trainable,0.0
PCP,graph,1100,parameters_group/agent/critic_total,193.0
PCP,graph,1100,parameters_group/agent/critic_trainable,193.0
PCP,graph,1101,parameters_actor_total,35904.0
PCP,graph,1101,parameters_actor_trainable,35904.0
PCP,graph,1101,parameters_communication_total,16416.0
PCP,graph,1101,parameters_communication_trainable,16416.0
PCP,graph,1101,parameters_critic_total,19778.0
PCP,graph,1101,parameters_critic_trainable,19778.0
PCP,graph,1101,parameters_group/adversary/actor_total,35748.0
PCP,graph,1101,parameters_group/adversary/actor_trainable,35748.0
PCP,graph,1101,parameters_group/adversary/communication_total,16416.0
PCP,graph,1101,parameters_group/adversary/communication_trainable,16416.0
PCP,graph,1101,parameters_group/adversary/critic_total,19585.0
PCP,graph,1101,parameters_group/adversary/critic_trainable,19585.0
PCP,graph,1101,parameters_group/agent/actor_total,156.0
PCP,graph,1101,parameters_group/agent/actor_trainable,156.0
PCP,graph,1101,parameters_group/agent/communication_total,0.0
PCP,graph,1101,parameters_group/agent/communication_trainable,0.0
PCP,graph,1101,parameters_group/agent/critic_total,193.0
PCP,graph,1101,parameters_group/agent/critic_trainable,193.0
PCP,graph,1102,parameters_actor_total,35904.0
PCP,graph,1102,parameters_actor_trainable,35904.0
PCP,graph,1102,parameters_communication_total,16416.0
PCP,graph,1102,parameters_communication_trainable,16416.0
PCP,graph,1102,parameters_critic_total,19778.0
PCP,graph,1102,parameters_critic_trainable,19778.0
PCP,graph,1102,parameters_group/adversary/actor_total,35748.0
PCP,graph,1102,parameters_group/adversary/actor_trainable,35748.0
PCP,graph,1102,parameters_group/adversary/communication_total,16416.0
PCP,graph,1102,parameters_group/adversary/communication_trainable,16416.0
PCP,graph,1102,parameters_group/adversary/critic_total,19585.0
PCP,graph,1102,parameters_group/adversary/critic_trainable,19585.0
PCP,graph,1102,parameters_group/agent/actor_total,156.0
PCP,graph,1102,parameters_group/agent/actor_trainable,156.0
PCP,graph,1102,parameters_group/agent/communication_total,0.0
PCP,graph,1102,parameters_group/agent/communication_trainable,0.0
PCP,graph,1102,parameters_group/agent/critic_total,193.0
PCP,graph,1102,parameters_group/agent/critic_trainable,193.0
PCP,graph,1103,parameters_actor_total,35904.0
PCP,graph,1103,parameters_actor_trainable,35904.0
PCP,graph,1103,parameters_communication_total,16416.0
PCP,graph,1103,parameters_communication_trainable,16416.0
PCP,graph,1103,parameters_critic_total,19778.0
PCP,graph,1103,parameters_critic_trainable,19778.0
PCP,graph,1103,parameters_group/adversary/actor_total,35748.0
PCP,graph,1103,parameters_group/adversary/actor_trainable,35748.0
PCP,graph,1103,parameters_group/adversary/communication_total,16416.0
PCP,graph,1103,parameters_group/adversary/communication_trainable,16416.0
PCP,graph,1103,parameters_group/adversary/critic_total,19585.0
PCP,graph,1103,parameters_group/adversary/critic_trainable,19585.0
PCP,graph,1103,parameters_group/agent/actor_total,156.0
PCP,graph,1103,parameters_group/agent/actor_trainable,156.0
PCP,graph,1103,parameters_group/agent/communication_total,0.0
PCP,graph,1103,parameters_group/agent/communication_trainable,0.0
PCP,graph,1103,parameters_group/agent/critic_total,193.0
PCP,graph,1103,parameters_group/agent/critic_trainable,193.0
PCP,graph,1104,parameters_actor_total,35904.0
PCP,graph,1104,parameters_actor_trainable,35904.0
PCP,graph,1104,parameters_communication_total,16416.0
PCP,graph,1104,parameters_communication_trainable,16416.0
PCP,graph,1104,parameters_critic_total,19778.0
PCP,graph,1104,parameters_critic_trainable,19778.0
PCP,graph,1104,parameters_group/adversary/actor_total,35748.0
PCP,graph,1104,parameters_group/adversary/actor_trainable,35748.0
PCP,graph,1104,parameters_group/adversary/communication_total,16416.0
PCP,graph,1104,parameters_group/adversary/communication_trainable,16416.0
PCP,graph,1104,parameters_group/adversary/critic_total,19585.0
PCP,graph,1104,parameters_group/adversary/critic_trainable,19585.0
PCP,graph,1104,parameters_group/agent/actor_total,156.0
PCP,graph,1104,parameters_group/agent/actor_trainable,156.0
PCP,graph,1104,parameters_group/agent/communication_total,0.0
PCP,graph,1104,parameters_group/agent/communication_trainable,0.0
PCP,graph,1104,parameters_group/agent/critic_total,193.0
PCP,graph,1104,parameters_group/agent/critic_trainable,193.0
MAPDN,identity,1100,parameters_actor_total,23298.0
MAPDN,identity,1100,parameters_actor_trainable,23298.0
MAPDN,identity,1100,parameters_communication_total,0.0
MAPDN,identity,1100,parameters_communication_trainable,0.0
MAPDN,identity,1100,parameters_critic_total,55169.0
MAPDN,identity,1100,parameters_critic_trainable,55169.0
MAPDN,identity,1100,parameters_group/agents/actor_total,23298.0
MAPDN,identity,1100,parameters_group/agents/actor_trainable,23298.0
MAPDN,identity,1100,parameters_group/agents/communication_total,0.0
MAPDN,identity,1100,parameters_group/agents/communication_trainable,0.0
MAPDN,identity,1100,parameters_group/agents/critic_total,55169.0
MAPDN,identity,1100,parameters_group/agents/critic_trainable,55169.0
MAPDN,identity,1101,parameters_actor_total,23298.0
MAPDN,identity,1101,parameters_actor_trainable,23298.0
MAPDN,identity,1101,parameters_communication_total,0.0
MAPDN,identity,1101,parameters_communication_trainable,0.0
MAPDN,identity,1101,parameters_critic_total,55169.0
MAPDN,identity,1101,parameters_critic_trainable,55169.0
MAPDN,identity,1101,parameters_group/agents/actor_total,23298.0
MAPDN,identity,1101,parameters_group/agents/actor_trainable,23298.0
MAPDN,identity,1101,parameters_group/agents/communication_total,0.0
MAPDN,identity,1101,parameters_group/agents/communication_trainable,0.0
MAPDN,identity,1101,parameters_group/agents/critic_total,55169.0
MAPDN,identity,1101,parameters_group/agents/critic_trainable,55169.0
MAPDN,identity,1102,parameters_actor_total,23298.0
MAPDN,identity,1102,parameters_actor_trainable,23298.0
MAPDN,identity,1102,parameters_communication_total,0.0
MAPDN,identity,1102,parameters_communication_trainable,0.0
MAPDN,identity,1102,parameters_critic_total,55169.0
MAPDN,identity,1102,parameters_critic_trainable,55169.0
MAPDN,identity,1102,parameters_group/agents/actor_total,23298.0
MAPDN,identity,1102,parameters_group/agents/actor_trainable,23298.0
MAPDN,identity,1102,parameters_group/agents/communication_total,0.0
MAPDN,identity,1102,parameters_group/agents/communication_trainable,0.0
MAPDN,identity,1102,parameters_group/agents/critic_total,55169.0
MAPDN,identity,1102,parameters_group/agents/critic_trainable,55169.0
MAPDN,identity,1103,parameters_actor_total,23298.0
MAPDN,identity,1103,parameters_actor_trainable,23298.0
MAPDN,identity,1103,parameters_communication_total,0.0
MAPDN,identity,1103,parameters_communication_trainable,0.0
MAPDN,identity,1103,parameters_critic_total,55169.0
MAPDN,identity,1103,parameters_critic_trainable,55169.0
MAPDN,identity,1103,parameters_group/agents/actor_total,23298.0
MAPDN,identity,1103,parameters_group/agents/actor_trainable,23298.0
MAPDN,identity,1103,parameters_group/agents/communication_total,0.0
MAPDN,identity,1103,parameters_group/agents/communication_trainable,0.0
MAPDN,identity,1103,parameters_group/agents/critic_total,55169.0
MAPDN,identity,1103,parameters_group/agents/critic_trainable,55169.0
MAPDN,broadcast,1100,parameters_actor_total,31490.0
MAPDN,broadcast,1100,parameters_actor_trainable,31490.0
MAPDN,broadcast,1100,parameters_communication_total,8192.0
MAPDN,broadcast,1100,parameters_communication_trainable,8192.0
MAPDN,broadcast,1100,parameters_critic_total,55169.0
MAPDN,broadcast,1100,parameters_critic_trainable,55169.0
MAPDN,broadcast,1100,parameters_group/agents/actor_total,31490.0
MAPDN,broadcast,1100,parameters_group/agents/actor_trainable,31490.0
MAPDN,broadcast,1100,parameters_group/agents/communication_total,8192.0
MAPDN,broadcast,1100,parameters_group/agents/communication_trainable,8192.0
MAPDN,broadcast,1100,parameters_group/agents/critic_total,55169.0
MAPDN,broadcast,1100,parameters_group/agents/critic_trainable,55169.0
MAPDN,broadcast,1101,parameters_actor_total,31490.0
MAPDN,broadcast,1101,parameters_actor_trainable,31490.0
MAPDN,broadcast,1101,parameters_communication_total,8192.0
MAPDN,broadcast,1101,parameters_communication_trainable,8192.0
MAPDN,broadcast,1101,parameters_critic_total,55169.0
MAPDN,broadcast,1101,parameters_critic_trainable,55169.0
MAPDN,broadcast,1101,parameters_group/agents/actor_total,31490.0
MAPDN,broadcast,1101,parameters_group/agents/actor_trainable,31490.0
MAPDN,broadcast,1101,parameters_group/agents/communication_total,8192.0
MAPDN,broadcast,1101,parameters_group/agents/communication_trainable,8192.0
MAPDN,broadcast,1101,parameters_group/agents/critic_total,55169.0
MAPDN,broadcast,1101,parameters_group/agents/critic_trainable,55169.0
MAPDN,broadcast,1102,parameters_actor_total,31490.0
MAPDN,broadcast,1102,parameters_actor_trainable,31490.0
MAPDN,broadcast,1102,parameters_communication_total,8192.0
MAPDN,broadcast,1102,parameters_communication_trainable,8192.0
MAPDN,broadcast,1102,parameters_critic_total,55169.0
MAPDN,broadcast,1102,parameters_critic_trainable,55169.0
MAPDN,broadcast,1102,parameters_group/agents/actor_total,31490.0
MAPDN,broadcast,1102,parameters_group/agents/actor_trainable,31490.0
MAPDN,broadcast,1102,parameters_group/agents/communication_total,8192.0
MAPDN,broadcast,1102,parameters_group/agents/communication_trainable,8192.0
MAPDN,broadcast,1102,parameters_group/agents/critic_total,55169.0
MAPDN,broadcast,1102,parameters_group/agents/critic_trainable,55169.0
MAPDN,broadcast,1103,parameters_actor_total,31490.0
MAPDN,broadcast,1103,parameters_actor_trainable,31490.0
MAPDN,broadcast,1103,parameters_communication_total,8192.0
MAPDN,broadcast,1103,parameters_communication_trainable,8192.0
MAPDN,broadcast,1103,parameters_critic_total,55169.0
MAPDN,broadcast,1103,parameters_critic_trainable,55169.0
MAPDN,broadcast,1103,parameters_group/agents/actor_total,31490.0
MAPDN,broadcast,1103,parameters_group/agents/actor_trainable,31490.0
MAPDN,broadcast,1103,parameters_group/agents/communication_total,8192.0
MAPDN,broadcast,1103,parameters_group/agents/communication_trainable,8192.0
MAPDN,broadcast,1103,parameters_group/agents/critic_total,55169.0
MAPDN,broadcast,1103,parameters_group/agents/critic_trainable,55169.0
MAPDN,gated,1100,parameters_actor_total,31619.0
MAPDN,gated,1100,parameters_actor_trainable,31619.0
MAPDN,gated,1100,parameters_communication_total,8321.0
MAPDN,gated,1100,parameters_communication_trainable,8321.0
MAPDN,gated,1100,parameters_critic_total,55169.0
MAPDN,gated,1100,parameters_critic_trainable,55169.0
MAPDN,gated,1100,parameters_group/agents/actor_total,31619.0
MAPDN,gated,1100,parameters_group/agents/actor_trainable,31619.0
MAPDN,gated,1100,parameters_group/agents/communication_total,8321.0
MAPDN,gated,1100,parameters_group/agents/communication_trainable,8321.0
MAPDN,gated,1100,parameters_group/agents/critic_total,55169.0
MAPDN,gated,1100,parameters_group/agents/critic_trainable,55169.0
MAPDN,gated,1101,parameters_actor_total,31619.0
MAPDN,gated,1101,parameters_actor_trainable,31619.0
MAPDN,gated,1101,parameters_communication_total,8321.0
MAPDN,gated,1101,parameters_communication_trainable,8321.0
MAPDN,gated,1101,parameters_critic_total,55169.0
MAPDN,gated,1101,parameters_critic_trainable,55169.0
MAPDN,gated,1101,parameters_group/agents/actor_total,31619.0
MAPDN,gated,1101,parameters_group/agents/actor_trainable,31619.0
MAPDN,gated,1101,parameters_group/agents/communication_total,8321.0
MAPDN,gated,1101,parameters_group/agents/communication_trainable,8321.0
MAPDN,gated,1101,parameters_group/agents/critic_total,55169.0
MAPDN,gated,1101,parameters_group/agents/critic_trainable,55169.0
MAPDN,gated,1102,parameters_actor_total,31619.0
MAPDN,gated,1102,parameters_actor_trainable,31619.0
MAPDN,gated,1102,parameters_communication_total,8321.0
MAPDN,gated,1102,parameters_communication_trainable,8321.0
MAPDN,gated,1102,parameters_critic_total,55169.0
MAPDN,gated,1102,parameters_critic_trainable,55169.0
MAPDN,gated,1102,parameters_group/agents/actor_total,31619.0
MAPDN,gated,1102,parameters_group/agents/actor_trainable,31619.0
MAPDN,gated,1102,parameters_group/agents/communication_total,8321.0
MAPDN,gated,1102,parameters_group/agents/communication_trainable,8321.0
MAPDN,gated,1102,parameters_group/agents/critic_total,55169.0
MAPDN,gated,1102,parameters_group/agents/critic_trainable,55169.0
MAPDN,gated,1103,parameters_actor_total,31619.0
MAPDN,gated,1103,parameters_actor_trainable,31619.0
MAPDN,gated,1103,parameters_communication_total,8321.0
MAPDN,gated,1103,parameters_communication_trainable,8321.0
MAPDN,gated,1103,parameters_critic_total,55169.0
MAPDN,gated,1103,parameters_critic_trainable,55169.0
MAPDN,gated,1103,parameters_group/agents/actor_total,31619.0
MAPDN,gated,1103,parameters_group/agents/actor_trainable,31619.0
MAPDN,gated,1103,parameters_group/agents/communication_total,8321.0
MAPDN,gated,1103,parameters_group/agents/communication_trainable,8321.0
MAPDN,gated,1103,parameters_group/agents/critic_total,55169.0
MAPDN,gated,1103,parameters_group/agents/critic_trainable,55169.0
MAPDN,attention,1100,parameters_actor_total,39682.0
MAPDN,attention,1100,parameters_actor_trainable,39682.0
MAPDN,attention,1100,parameters_communication_total,16384.0
MAPDN,attention,1100,parameters_communication_trainable,16384.0
MAPDN,attention,1100,parameters_critic_total,55169.0
MAPDN,attention,1100,parameters_critic_trainable,55169.0
MAPDN,attention,1100,parameters_group/agents/actor_total,39682.0
MAPDN,attention,1100,parameters_group/agents/actor_trainable,39682.0
MAPDN,attention,1100,parameters_group/agents/communication_total,16384.0
MAPDN,attention,1100,parameters_group/agents/communication_trainable,16384.0
MAPDN,attention,1100,parameters_group/agents/critic_total,55169.0
MAPDN,attention,1100,parameters_group/agents/critic_trainable,55169.0
MAPDN,attention,1101,parameters_actor_total,39682.0
MAPDN,attention,1101,parameters_actor_trainable,39682.0
MAPDN,attention,1101,parameters_communication_total,16384.0
MAPDN,attention,1101,parameters_communication_trainable,16384.0
MAPDN,attention,1101,parameters_critic_total,55169.0
MAPDN,attention,1101,parameters_critic_trainable,55169.0
MAPDN,attention,1101,parameters_group/agents/actor_total,39682.0
MAPDN,attention,1101,parameters_group/agents/actor_trainable,39682.0
MAPDN,attention,1101,parameters_group/agents/communication_total,16384.0
MAPDN,attention,1101,parameters_group/agents/communication_trainable,16384.0
MAPDN,attention,1101,parameters_group/agents/critic_total,55169.0
MAPDN,attention,1101,parameters_group/agents/critic_trainable,55169.0
MAPDN,attention,1102,parameters_actor_total,39682.0
MAPDN,attention,1102,parameters_actor_trainable,39682.0
MAPDN,attention,1102,parameters_communication_total,16384.0
MAPDN,attention,1102,parameters_communication_trainable,16384.0
MAPDN,attention,1102,parameters_critic_total,55169.0
MAPDN,attention,1102,parameters_critic_trainable,55169.0
MAPDN,attention,1102,parameters_group/agents/actor_total,39682.0
MAPDN,attention,1102,parameters_group/agents/actor_trainable,39682.0
MAPDN,attention,1102,parameters_group/agents/communication_total,16384.0
MAPDN,attention,1102,parameters_group/agents/communication_trainable,16384.0
MAPDN,attention,1102,parameters_group/agents/critic_total,55169.0
MAPDN,attention,1102,parameters_group/agents/critic_trainable,55169.0
MAPDN,attention,1103,parameters_actor_total,39682.0
MAPDN,attention,1103,parameters_actor_trainable,39682.0
MAPDN,attention,1103,parameters_communication_total,16384.0
MAPDN,attention,1103,parameters_communication_trainable,16384.0
MAPDN,attention,1103,parameters_critic_total,55169.0
MAPDN,attention,1103,parameters_critic_trainable,55169.0
MAPDN,attention,1103,parameters_group/agents/actor_total,39682.0
MAPDN,attention,1103,parameters_group/agents/actor_trainable,39682.0
MAPDN,attention,1103,parameters_group/agents/communication_total,16384.0
MAPDN,attention,1103,parameters_group/agents/communication_trainable,16384.0
MAPDN,attention,1103,parameters_group/agents/critic_total,55169.0
MAPDN,attention,1103,parameters_group/agents/critic_trainable,55169.0
MAPDN,graph,1100,parameters_actor_total,39714.0
MAPDN,graph,1100,parameters_actor_trainable,39714.0
MAPDN,graph,1100,parameters_communication_total,16416.0
MAPDN,graph,1100,parameters_communication_trainable,16416.0
MAPDN,graph,1100,parameters_critic_total,55169.0
MAPDN,graph,1100,parameters_critic_trainable,55169.0
MAPDN,graph,1100,parameters_group/agents/actor_total,39714.0
MAPDN,graph,1100,parameters_group/agents/actor_trainable,39714.0
MAPDN,graph,1100,parameters_group/agents/communication_total,16416.0
MAPDN,graph,1100,parameters_group/agents/communication_trainable,16416.0
MAPDN,graph,1100,parameters_group/agents/critic_total,55169.0
MAPDN,graph,1100,parameters_group/agents/critic_trainable,55169.0
MAPDN,graph,1101,parameters_actor_total,39714.0
MAPDN,graph,1101,parameters_actor_trainable,39714.0
MAPDN,graph,1101,parameters_communication_total,16416.0
MAPDN,graph,1101,parameters_communication_trainable,16416.0
MAPDN,graph,1101,parameters_critic_total,55169.0
MAPDN,graph,1101,parameters_critic_trainable,55169.0
MAPDN,graph,1101,parameters_group/agents/actor_total,39714.0
MAPDN,graph,1101,parameters_group/agents/actor_trainable,39714.0
MAPDN,graph,1101,parameters_group/agents/communication_total,16416.0
MAPDN,graph,1101,parameters_group/agents/communication_trainable,16416.0
MAPDN,graph,1101,parameters_group/agents/critic_total,55169.0
MAPDN,graph,1101,parameters_group/agents/critic_trainable,55169.0
MAPDN,graph,1102,parameters_actor_total,39714.0
MAPDN,graph,1102,parameters_actor_trainable,39714.0
MAPDN,graph,1102,parameters_communication_total,16416.0
MAPDN,graph,1102,parameters_communication_trainable,16416.0
MAPDN,graph,1102,parameters_critic_total,55169.0
MAPDN,graph,1102,parameters_critic_trainable,55169.0
MAPDN,graph,1102,parameters_group/agents/actor_total,39714.0
MAPDN,graph,1102,parameters_group/agents/actor_trainable,39714.0
MAPDN,graph,1102,parameters_group/agents/communication_total,16416.0
MAPDN,graph,1102,parameters_group/agents/communication_trainable,16416.0
MAPDN,graph,1102,parameters_group/agents/critic_total,55169.0
MAPDN,graph,1102,parameters_group/agents/critic_trainable,55169.0
MAPDN,graph,1103,parameters_actor_total,39714.0
MAPDN,graph,1103,parameters_actor_trainable,39714.0
MAPDN,graph,1103,parameters_communication_total,16416.0
MAPDN,graph,1103,parameters_communication_trainable,16416.0
MAPDN,graph,1103,parameters_critic_total,55169.0
MAPDN,graph,1103,parameters_critic_trainable,55169.0
MAPDN,graph,1103,parameters_group/agents/actor_total,39714.0
MAPDN,graph,1103,parameters_group/agents/actor_trainable,39714.0
MAPDN,graph,1103,parameters_group/agents/communication_total,16416.0
MAPDN,graph,1103,parameters_group/agents/communication_trainable,16416.0
MAPDN,graph,1103,parameters_group/agents/critic_total,55169.0
MAPDN,graph,1103,parameters_group/agents/critic_trainable,55169.0
